title,content,source_type,source_file,source_url,detail_url
"(24.10월 발생) 택배기사-카드회사-금융감독원-검사를 사칭한 보이스피싱 피해 발생","택배기사-카드회사-금융감독원-검사를 사칭한 보이스피싱
사기 수법
사기범 일당은 각각 택배기사, 카드사 직원, 금융감독원 직원, 검사를 사칭하여 순차적으로 피해자를 기망하여 피해금 편취
1. 사기범1은 택배 기사를 사칭하여 전화로 피해자를 기망
카드가 배송 중인데 집에 있는지, 주소가 맞는지 등을 확인하는 취지로 통화를 시작하여 피해자가 카드 발급 사실이 없다고 하면 카드사 담당자(사기범2) 번호를 알려줌
사기범은 피해자의 생년월일과 이름, 전화번호를 파악하고 있었으며, 주소 확인 시 잘못된 주소를 부르는 경우도 존재(사기범1은 주소만 물어보고 끊는 경우도 있음)
2. 택배 기사를 사칭한 사기범이 알려준 번호로 전화하면 카드사 직원을 사칭하는 사기범이 전화를 받아 명의도용이 의심되니 금융감독원에 신고하도록 안내
3. 사기범3은 금융감독원 직원을 사칭하여 피해자의 정보가 범죄에 연루되었으니 검찰청 검사에게 협조하도록 안내
4. 검찰청 검사를 사칭한 사기범4는 수사를 빌미로 피해자를 협박하거나 자금 송금 유도
고압적인 자세로 피해자를 압박하여 피해자가 사기범3에게 의지하도록 유도하고 사기범3은 피해자를 도와주는 척하며 송금 유도
자산보호, 범죄수익 여부 검사 등을 빌미로 지정하는 계좌에 금액 이체 지시","hwpx_attachment","(24.10월 발생) 택배기사-카드회사-금융감독원-검사를 사칭한 보이스피싱 피해 발생.hwpx","https://www.fss.or.kr/fss/cmmn/file/fileDown.do?menuNo=200359&atchFileId=b5664406a7294852ba52eab45bad16bb&fileSn=1&bbsId=","https://www.fss.or.kr/fss/bbs/B0000059/view.do?nttId=188169&menuNo=200359&viewType=&sdate=&edate=&searchCnd=1&searchWrd=&pageIndex=1"
"(24.7월 발생) 금융회사-금융감독원-검사를 사칭한 보이스피싱","금융회사-금융감독원-검사를 사칭한 보이스피싱
사기 수법
1. 사기범은 카드사 등 금융회사를 사칭하여 피해자의 핸드폰으로 카드 발급 또는 해외결제가 발생했음을 알린 후 본인 아닐 경우 확인토록 요청
2. 금융회사 직원(사기범1)은 사실 확인을 위해 전화한 피해자가 본인의 거래가 아님을 주장할 경우 사고 신고를 위해 금융감독원으로 전화하도록 안내
3. 금감원 직원(사기범2)는 피해자의 정보가 범죄에 연루되었음을 확인해주며 검찰청 검사에게 전화하도록 유도
4. 검찰청 검사(사기범3)은 자산보호를 위해 지정한 계좌로 돈을 송금할 것을 유도하여 피해금 편취","hwpx_attachment","(24.7월 발생) 금융회사-금융감독원-검사를 사칭한 보이스피싱.hwpx","https://www.fss.or.kr/fss/cmmn/file/fileDown.do?menuNo=200359&atchFileId=fb76823f6eb243c392a6d38faa6e287a&fileSn=1&bbsId=","https://www.fss.or.kr/fss/bbs/B0000059/view.do?nttId=137255&menuNo=200359&viewType=&sdate=&edate=&searchCnd=1&searchWrd=&pageIndex=1"
"(24.4월 발생) 민원24 등 정부기관을 사칭한 보이스피싱 피해 발생(음식물쓰레기 무단투기 과태료 사전고지서)","민원24 사칭 음식물쓰레기 무단투기 과태료 사전고지서 등
사기범은 “[민원24] 음식물쓰레기 미분리 신고대상입니다. 민원영상 및 과태료 사전통지서 확인.”의 내용으로 피해자에게 문자 발송
피해자는 해당 내용을 확인하기 위해 불상의 링크를 클릭하였고, 악성앱이 설치되어, 갤러리에 저장 중이었던 신분증 등 개인정보가 유출됨
사기범은 피해자 명의로 휴대전화를 개설하여 약 100만원의 휴대전화 소액결제 및 200만원 가량을 무단이체하여 약 300만원 가량의 금액을 편취","hwpx_attachment","(24.4월 발생) 민원24 등 정부기관을 사칭한 보이스피싱 피해 발생(음식물쓰레기 무단투기 과태료 사전고지서).hwpx","https://www.fss.or.kr/fss/cmmn/file/fileDown.do?menuNo=200359&atchFileId=6719fe8250884b0088243ea0f1f5e6a9&fileSn=1&bbsId=","https://www.fss.or.kr/fss/bbs/B0000059/view.do?nttId=135633&menuNo=200359&viewType=&sdate=&edate=&searchCnd=1&searchWrd=&pageIndex=1"
"(24.1월 발생) 지인을 사칭한 스미싱 피해 발생(모바일 부고장)","모바일 부고장
피해자는 24년 1월 1일경 지인을 사칭한 사기범으로부터 url이 포함된 부고장 문자 메시지를 수신하여 해당 링크를 클릭
피해자의 휴대폰에는 악성앱이 설치되었고 피해자의 휴대폰에 저장되어 있던 계좌번호, 계좌 비밀번호, otp번호 및 개인정보를 탈취
피해자의 명의로 핸드폰을 개통한 사기범은 피해자의 계좌에서 총 24회에 걸쳐 약 1억 3천만원을 편취","hwpx_attachment","(24.1월 발생) 지인을 사칭한 스미싱 피해 발생(모바일 부고장).hwpx","https://www.fss.or.kr/fss/cmmn/file/fileDown.do?menuNo=200359&atchFileId=3f36c5d6e97b4a50a4b4d5cab135aed9&fileSn=1&bbsId=","https://www.fss.or.kr/fss/bbs/B0000059/view.do?nttId=133428&menuNo=200359&viewType=&sdate=&edate=&searchCnd=1&searchWrd=&pageIndex=1"
"(24.1월 발생) 정부 대환대출을 사칭한 인터넷 광고","유튜브 대환대출 간편신청 광고
피해자는 유튜브에서 정부 대환대출 광고를 보고 간편신청을 통해 개인정보 및 기존 대출 내역 등 단순 정보를 입력
금융회사 직원을 사칭한 사기범은 정부지원 대출을 가장하여 피해자를 기망후 신규 대출 신청서를 작성하게 유도
기망 과정에서 기존 피해자의 대출 내역을 확인한 사기범 일당은 피해자의
기존 대출이 있는 금융회사 직원을 사칭하여 피해자가 금융거래법 등을 위반
하였다며 피해자를 압박하여 기존 대출 상환을 요구
이에 속은 피해자는 기존 대출을 상환하는 것으로 오인하여 사기범이 지정한 계좌에 피해금액을 송금","hwpx_attachment","(24.1월 발생) 정부 대환대출을 사칭한 인터넷 광고.hwpx","https://www.fss.or.kr/fss/cmmn/file/fileDown.do?menuNo=200359&atchFileId=f1338d6362b3460e8032394efae25893&fileSn=1&bbsId=","https://www.fss.or.kr/fss/bbs/B0000059/view.do?nttId=133426&menuNo=200359&viewType=&sdate=&edate=&searchCnd=1&searchWrd=&pageIndex=1"
"(23.9월 발생) 문자메세지에 의한 공공기관사칭형 사기 피해(교통범칙금)","교통 범칙금 통보 문자 스미싱
사기범은 ’23년 9월 피해자에게 ‘교통범칙금통보’란 제목으로 악성앱이 설치되는 url을 포함한 문자 메시지를 송부
교통범칙금이 통보된 것으로 안 피해자가 내역을 확인하기 위해 url을 클릭하였으나 핸드폰에 악성앱이 설치됨
피해자의 휴대폰 앨범에는 신분증 등 개인정보가 저장되어 있었고 사기범은
피해자의 개인정보를 탈취하여 4차례에 걸쳐 약 3천 5백만원의 금액을 편취","hwpx_attachment","(23.9월 발생) 문자메세지에 의한 공공기관사칭형 사기 피해(교통범칙금).hwpx","https://www.fss.or.kr/fss/cmmn/file/fileDown.do?menuNo=200359&atchFileId=b6ec18173cab40cea4f4f6ab81e7abc0&fileSn=1&bbsId=","https://www.fss.or.kr/fss/bbs/B0000059/view.do?nttId=133425&menuNo=200359&viewType=&sdate=&edate=&searchCnd=1&searchWrd=&pageIndex=1"
"(기관사칭_방역지원금) '23.6월 식당에 코로나 확진자가 방문하여 지원금을 지급해주겠다는 말에 속아 사기당한 사례","최초접근방법 : 전화
피해자 연령 : 50대
피해자 성별 : 여
사기유형 : 기관사칭(방역지원금)
6.5. 14:30경 피의자는 피해자가 운영하는 식당으로 전화를 걸어 “창녕군 환경위생과 담당인데, 코로나 확진자가 식당에 방문하여 방역이 필요한데, 장사를 못하는 비용으로 군에서 지원금 70만원을 지급해주겠다. 신용카드와 신분증 사진을 카카오톡으로 보내달라”고 하였다.
피해자가 신용카드와 신분증 사진을 보내주자, 피의자는 피해자의 계좌에서 총 1,700만원을 인출하여 재산상이 이익을 취하였음","hwpx_attachment","(기관사칭_방역지원금) '23.6월 식당에 코로나 확진자가 방문하여 지원금을 지급해주겠다는 말에 속아 사기당한 사례.hwpx","https://www.fss.or.kr/fss/cmmn/file/fileDown.do?menuNo=200359&atchFileId=00cce399535044eabc02be99d2e0b5b4&fileSn=1&bbsId=","https://www.fss.or.kr/fss/bbs/B0000059/view.do?nttId=129864&menuNo=200359&viewType=&sdate=&edate=&searchCnd=1&searchWrd=&pageIndex=1"
"(기관사칭) '23.6월 중국공안국 직원을 사칭하여 보석금을 요구하는 전화에 속아 사기당한 사례","최초접근방법 : 전화
피해자 연령 : 20대
피해자 성별 : 남
사기유형 : 기관사칭
피의자는 6.20. 10:00경 중국공안국 상하이 푸동공안국 직원을 사칭하여 피해자에게 국제전화로 전화를 걸어 ‘개인정보 유출 범죄에 연루되어 중국공안국에 출석하여 몇 개월 간 조사를 받아야하며 보석금 100만원을 한국 금융감독원이 지정하는 계좌로 보내면 중국에 소환되지 않을 수 있다고 피해자를 기망하였다.
이에 속은 피해자로부터 같은날 100만원을 계좌이체로 교부받아 편취하였다.","hwpx_attachment","(기관사칭) '23.6월 중국공안국 직원을 사칭하여 보석금을 요구하는 전화에 속아 사기당한 사례.hwpx","https://www.fss.or.kr/fss/cmmn/file/fileDown.do?menuNo=200359&atchFileId=0d7d6815ef364b03878b607c5a76bc3a&fileSn=1&bbsId=","https://www.fss.or.kr/fss/bbs/B0000059/view.do?nttId=129862&menuNo=200359&viewType=&sdate=&edate=&searchCnd=1&searchWrd=&pageIndex=1"
"(기관사칭_병원) '22.8월 병원 관계자를 사칭하여 어머니의 치료비를 입금해야 한다는 말에 속아 사기당한 사례","최초접근방법 : 문자(카카오톡)
피해자 연령 : 30대
피해자 성별 : 남
사기유형 : 기관사칭(병원)
피의자는 OO병원 관계자를 사칭하여 2022.8.10. 12:00경 피해자에게 카카오톡 대화방식으로 ‘OO병원인데 어머니가 쓰러지셔서 응급실에 입원중이다. 병원비가 입금이 안되어 치료를 못하고 있다’라는 취지로 거짓말하였다.
그러나 사실 피의자는 OO병원 직원이 아니었고, 피해자를 기망하여 이에 속은 피해자로부터 2022.8.10. 피해자의 어머니 명의 계좌에서 총 500만원을 이체받아 재산상 이익을 취하였다.","hwpx_attachment","(기관사칭_병원) '22.8월 병원 관계자를 사칭하여 어머니의 치료비를 입금해야 한다는 말에 속아 사기당한 사례.hwpx","https://www.fss.or.kr/fss/cmmn/file/fileDown.do?menuNo=200359&atchFileId=a1159e5fb6f24dddb51e1a702a3d4922&fileSn=1&bbsId=","https://www.fss.or.kr/fss/bbs/B0000059/view.do?nttId=129861&menuNo=200359&viewType=&sdate=&edate=&searchCnd=1&searchWrd=&pageIndex=1"
"(금융회사 사칭) 금융회사를 사칭하여 단기간 고액거래(상품권 구매)를 통해 대출한도를 늘리라는 말에 속아 사기당안 사례","최초접근 방법 : 인터넷 광고
피해자 성별 : n/a
피해자 연령 : n/a
사기 유형 : 기관사칭(금융회사를 사칭하여 소상공인을 인출책으로 이용)
소규모 프랜차이즈 가맹점을 운영하는 피해자는 대출이 필요하여 불법 대출광고 홈페이지의 간편 상담코너에 개인정보를 입력하였고,
이후 사기범이 전화하여 ‘카드거래 실적이 많으면 대출한도가 늘어나니 체크카드를 발급하고 단기간 고액 거래가 가능한 상품권 구매를 하라’고 권유하였음
피해자는 상품권 대금은 사기범이 입금할 것이라는 말에 속아 카드 결제 계좌번호를 사기범에게 알려주었고, 상품권을 구매하여 사기범이 지정한 인물에게 전달하였으나 이후 다른 피해자(사기범이 다른 쪽에서 작업 중이던 보이스피싱 피해자임)의 피해구제 신청으로 계좌가 지급정지되고 전자금융거래가 제한되면서 사업 운영에 어려움을 겪음","hwpx_attachment","(금융회사 사칭) 금융회사를 사칭하여 단기간 고액거래(상품권 구매)를 통해 대출한도를 늘리라는 말에 속아 사기당안 사례.hwpx","https://www.fss.or.kr/fss/cmmn/file/fileDown.do?menuNo=200359&atchFileId=ba5be65fdfee48fa95f3dcc285ef8bf6&fileSn=1&bbsId=","https://www.fss.or.kr/fss/bbs/B0000059/view.do?nttId=129860&menuNo=200359&viewType=&sdate=&edate=&searchCnd=1&searchWrd=&pageIndex=1"
"(검사사칭) '23.5월 검사를 사칭하여 범죄에 본인 계좌가 연루되었다는 연락에 속아 사기당한 사례","최초접근방법 : 전화
피해자 연령 : 20대
피해자 성별 : 남
사기 유형 : 검사사칭
피의자는 5.24. 12:51경부터 16:00까지 피해자에게 전화를 하여 서울중앙지검 김수진 검사를 사칭한 후 범인이 피해자 명의의 계좌를 사용했는데 범죄에 가담이 되지 않았다는 것을 입증하기 위해서는 피해자 명의의 계좌에서 일정 금액 송금 및 상품권 구매 등이 필요하다고 하여
이에 속은 피해자가 피해자 명의의 계좌에서 130만원을 송금하고 컬쳐랜드상품권과 신세계상품권 200만원 상당을 구입하여 카카오톡을 이용하여 이를 교부하여 피의자는 재산상 이익을 취득","hwpx_attachment","(검사사칭) '23.5월 검사를 사칭하여 범죄에 본인 계좌가 연루되었다는 연락에 속아 사기당한 사례.hwpx","https://www.fss.or.kr/fss/cmmn/file/fileDown.do?menuNo=200359&atchFileId=b35c6f042c42490dae7d3e88a8da3bbd&fileSn=1&bbsId=","https://www.fss.or.kr/fss/bbs/B0000059/view.do?nttId=129859&menuNo=200359&viewType=&sdate=&edate=&searchCnd=1&searchWrd=&pageIndex=2"
"(지인사칭_자녀) '23.5월 자녀를 사칭하여 휴대전화 보험신청을 해야한다는 연락에 속아 사기당한 사례","최초접근방법 : 문자
피해자 연령 : 50대
피해자 성별 : 여
사기 유형 : 지인사칭(자녀)
피의자는 5.31. 18시경 주거지에 있는 피해자에게 피해자의 아들을 사칭하면서 문자로 휴대전화가 고장났다고 연락하였고, 이어서 카카오톡 대화로 피해자에게 가족 명의로 휴대폰 보험 신청을 해야한다며 피해자의 신분증 사진, 계좌번호, 비밀번호를 전송받고 이어서 원격제어어플 팀뷰어를 설치하도록 유도하였다.
그러나 사실 피의자는 피해자의 아들이 아니었고 피해자로부터 받은 개인정보 및 금융정보를 이용하여 재물을 취득할 의사였다.
피의자는 권한 없이 타인의 정보를 입력하여 정보처리를 하여 79,370,500원을 송금받아 재산상 이익을 취하였다.","hwpx_attachment","(지인사칭_자녀) '23.5월 자녀를 사칭하여 휴대전화 보험신청을 해야한다는 연락에 속아 사기당한 사례.hwpx","https://www.fss.or.kr/fss/cmmn/file/fileDown.do?menuNo=200359&atchFileId=841743621fbb49318721bd206225aa0d&fileSn=1&bbsId=","https://www.fss.or.kr/fss/bbs/B0000059/view.do?nttId=129858&menuNo=200359&viewType=&sdate=&edate=&searchCnd=1&searchWrd=&pageIndex=2"
"(택배사칭) '23.8월 택배배송을 사칭한 문자의 URL을 클릭하였다가 악성앱이 설치되어 사기당한 사례","최초접근방법 : 문자
피해자 연령 : 50대
피해자 성별 : 남
사기 유형 : 메신저피싱
피의자는 피해자에게 7.31. 19:16경 ‘상품을 배송했습니다. 확인부탁합니다’라는 문구와 URL 주소 링크가 적힌 피싱 문자를 보내 피해자가 위 링크를 누르게 하여 피해자의 휴대전화에 악성 어플을 설치한 뒤 피해자의 운전면허증 사진과 공인인증서 등을 이용하여 피해자의 휴대전화번호를 번호이동하고 피해자 명의의 신규 휴대전화를 개통하였음
이어 피의자는 8.1. 11:35경부터 8.4. 14:07경까지 피해자 명의로 199,832,128원의 대출을 받아 피해자 명의의 계좌에서 온라인 결제 또는 제3자 명의의 계좌로 송금하는 방법으로 총 206,150,992원의 재산상 이익을 취득함","hwpx_attachment","(택배사칭) '23.8월 택배배송을 사칭한 문자의 URL을 클릭하였다가 악성앱이 설치되어 사기당한 사례.hwpx","https://www.fss.or.kr/fss/cmmn/file/fileDown.do?menuNo=200359&atchFileId=c548acc57f404409804c143fd9691e28&fileSn=1&bbsId=","https://www.fss.or.kr/fss/bbs/B0000059/view.do?nttId=129854&menuNo=200359&viewType=&sdate=&edate=&searchCnd=1&searchWrd=&pageIndex=2"
"(모바일 청첩장) '23.7월 모바일 청첩장 형식의 악성앱 설치를 유도하는 url을 클릭하였다가 사기당한 사례","최초접근방법 : 문자
피해자 연령 : 60대
피해자 성별 : 남
사기 유형 : 메신저피싱
피의자는 7.27. 피해자에게 ‘모바일 청첩장’ 형식의 악성앱 설치를 유도하는 URL을 전송하여 피해자가 해당 URL을 통해 악성앱을 설치하자,
해당 악성앱을 이용하여 7.27. 피해자 명의로 대출을 받는 등 부정한 명령을 입력하고 권한 없이 정보를 입력·변경하여 정보처리를 하게 함으로써 여러 차례 입출금 등을 이용하여 8,500만원 상당의 재산상의 이익을 취득하였다.","hwpx_attachment","(모바일 청첩장) '23.7월 모바일 청첩장 형식의 악성앱 설치를 유도하는 url을 클릭하였다가 사기당한 사례.hwpx","https://www.fss.or.kr/fss/cmmn/file/fileDown.do?menuNo=200359&atchFileId=2c74c6d5e27c492184c462a387632451&fileSn=1&bbsId=","https://www.fss.or.kr/fss/bbs/B0000059/view.do?nttId=129852&menuNo=200359&viewType=&sdate=&edate=&searchCnd=1&searchWrd=&pageIndex=2"
"(정부지원 저금리 대출) '23.5월 정부지원 저금리 대출이 가능하다고 하여 대출 신청 후 기존 대출금을 상환해야한다는 말에 속아 대출금을 갈취당한 사례","최초접근방법 : 전화
피해자 연령 : 50대
피해자 성별 : 남
사기 유형 : 정부 지원 저금리 대출, 대환대출
피진정인은 5.16. 10:35 경 1811-8551 번호로 피해자에게 전화를 하여 “OO은행 김민정 대리입니다. 정부지원 저금리 대출이 가능합니다. 고정금리 5.8%에 최대 5,800만원까지 대출이 가능합니다. 카카오톡으로 보내주는 어플을 설치하여 대출신청서를 작성하면 신청이 완료됩니다”라고 말하며 피해자에게 카카오톡으로 APK파일을 전송하였다.
피해자는 위 어플을 설치하고 대출신청서를 작성하였고, 피진정인은 다시 한 번 OO저축은행 직원을 사칭하여 전화를 해서 “우리 OO은행에 대출이 있는데 신규대출을 진행하면 금융업법 위반이다. 지급정지를 걸었으니 이를 풀고 싶으면 우리에게 대출금을 상환하라”고 말하였다.
피진정인은 위와 같은 방법으로 피해자를 기망하여 피해자로부터 기존 대출금 상황 명목으로 3,000만원을 갈취하였다.","hwpx_attachment","(정부지원 저금리 대출) '23.5월 정부지원 저금리 대출이 가능하다고 하여 대출 신청 후 기존 대출금을 상환해야한다는 말에 속아 대출금을 갈취당한 사례.hwpx","https://www.fss.or.kr/fss/cmmn/file/fileDown.do?menuNo=200359&atchFileId=ac4d2fae4a67476191d0dd4be129a816&fileSn=1&bbsId=","https://www.fss.or.kr/fss/bbs/B0000059/view.do?nttId=129850&menuNo=200359&viewType=&sdate=&edate=&searchCnd=1&searchWrd=&pageIndex=2"
"(공공기관 사칭) '23.8월 서민금융진흥원을 사칭하여 저금리 대환대출을 해주겠다고 하는 것에 속아 기존 대출금을 갈취당한 사례","최초접근방법 : 전화
피해자 연령 : 40대
피해자 성별 : 남
사기 유형 : 기관사칭형(대환대출)
성명불상 피의자는 7.20. 피해자에게 전화로 서민금융진흥원 직원을 사칭하며 저금리로 대환대출을 해주겠다고 속여 대출을 진행하게 한 후
재차 기존 대출은행인 OO저축은행 직원을 사칭하며 기존 대출금이 있는 상태에서 대환대출을 계약 위반으로 기존 대출금을 상환해야 대출이 가능하다고 속였다.
피의자는 이와 같이 피해자를 속여 이에 속은 피해자로부터 7.21.부터 총 5회에 걸쳐 피해자 명의 계좌에서 1,100만원을 교부받았다.","hwpx_attachment","(공공기관 사칭) '23.8월 서민금융진흥원을 사칭하여 저금리 대환대출을 해주겠다고 하는 것에 속아 기존 대출금을 갈취당한 사례.hwpx","https://www.fss.or.kr/fss/cmmn/file/fileDown.do?menuNo=200359&atchFileId=53df915a32ac4994bf3505a182d20ce2&fileSn=1&bbsId=","https://www.fss.or.kr/fss/bbs/B0000059/view.do?nttId=129847&menuNo=200359&viewType=&sdate=&edate=&searchCnd=1&searchWrd=&pageIndex=2"
"(21.4월 발생) 인터넷 카페에 의한 대출빙자형 남성_","
최초 접근방법
피해자 연령
피해자 성별
사기 유형
인터넷 카페
남성
대출빙자형
2021.4월 어느 날 저금리 대출 관련해서 보이스피싱을 당했습니다.
카페에서 저금리로 대출을 해준다는 글을 보고 연락을 했는데 텔레그램으로 연락을 주고받게 되었습니다.
매니저라는 사람이 거래내역이 있어야 한다고 해서 돈을 구하느라 몇일 동안 몇 차례에 걸쳐서 입금을 했는데 그 이후로 카페도 폐쇄되고 연락이 안되는 상황입니다.","hwp_attachment","(21.4월 발생) 인터넷 카페에 의한 대출빙자형 남성_.hwp","https://www.fss.or.kr/fss/cmmn/file/fileDown.do?menuNo=200359&atchFileId=80227c19a180b72a9ecd1b6e553ed805&fileSn=1&bbsId=","https://www.fss.or.kr/fss/bbs/B0000059/view.do?nttId=35297&menuNo=200359&viewType=&sdate=&edate=&searchCnd=1&searchWrd=&pageIndex=2"
"(21.3월 발생) 인터넷 카페에 의한 대출빙자형 30대 남성_","
최초 접근방법
피해자 연령
피해자 성별
사기 유형
인터넷 카페
30대
남성
대출빙자형
2021년 3월 중순 인터넷투자 까페에 대환대출을 조건이 어렵지 않고 이율도 최저로 금액도 최대로 해준다는 내용의 글을 보았습니다. 저는 투자금이 없었고 기존의 대출이 있는 관계로 글쓴이에게 메신저로 연락하였더니, 자기도 대출을 진행했고 그 덕분에 돈을 많이 벌 수 있었다라고 알려주었습니다.
조금 망설였으나 그 사람이 가족사진이며 이름이나 각종 정보들을 주고 해서 친해졌습니다. 그 사람과 다시 얘기를 해서 대출을 진행하였습니다.
그 사람이 “대출자금이 해외에서 들어오는 자금세탁용 검은 돈이어서 비밀스럽게 진행하고 5천만원 정도 보내면 한 2억원은 대출이 진행될 것이다"" 해서
제가 ""확실한 거냐? 책임질 수 있냐?"" 물었는데,
그 사람이 “확실하고 책임질 수 있고 나도 두 아이의 아빠인데 거짓말 하겠냐?"" 라고 하였습니다.
저는 그 말을 듣고 3월 26일 천만원씩 5천만원을 ○○은행 계좌로 송금했고
“기다리면 몇일 사이에 자금세탁이 되어 계좌로 입금될 것이다 기다리라"" 말만 듣고 기다렸으나, 3월 31일 9만원, 4월 1일 237만원 및 444만원 나누어서 제 □□은행 계좌로 입금되었습니다.
그래서 “왜 이리 적게 입금 되냐?” 따져 물으니
그 사람이 “해외에서 자금세탁이 문제가 생겨 일부밖에 되지 않아 그렇다."" 하고
제가 “그러면 나머지 금액은 언제쯤 나오나?” 물었더니
그 사람이 “기약은 알 수 없으니 기다려야 되고 내가 최대한 힘써 보긴 하는데 그러려면 뇌물(?)이 필요하다. 그래서 입금을 하면 빠르게 해결할 수 있고 오히려 금액이 더 크게 나오게 힘써 보겠다.""라고 하였습니다.
이 얘기를 듣고 처음에는 망설였으나 언제 나올지 기약도 없다 하고 돈을 못 받을 수도 있어서 뇌물로 돈을 쓰는 것밖에 방법이 없다 하여 입금한 5천만원이 생각나 최대한 돈을 빨리 마련하여 5천만원을 더 송금했습니다.
그 이후로 메신저도 차단되었고 더 이상 연락이 불가능 하였습니다.","hwp_attachment","(21.3월 발생) 인터넷 카페에 의한 대출빙자형 30대 남성_.hwp","https://www.fss.or.kr/fss/cmmn/file/fileDown.do?menuNo=200359&atchFileId=4796e435917514ec6304b9e5e75295b3&fileSn=1&bbsId=","https://www.fss.or.kr/fss/bbs/B0000059/view.do?nttId=35296&menuNo=200359&viewType=&sdate=&edate=&searchCnd=1&searchWrd=&pageIndex=2"
"(21.3월 발생) 인터넷 광고에 의한 대출빙자형 여성_","
최초 접근방법
피해자 연령
피해자 성별
사기 유형
인터넷 광고
여성
대출빙자형
2021년 3월 어느 날 대출을 좀 받아볼까 하고 인터넷을 알아보던 도중 대환대출을 금리 낮게 해준다고 하여 ○○캐피탈이라는 사이트에 들어갔고,
5000만원 대출을 신청하였습니다.
텔레그램 메신저로 이야기를 나누었으며,
캐피탈 측에서 “대출을 받으려면 요즘 코로나 때문에 받는 분들이 많아 거래내역을 4차례 남겨야 됩니다.”
“대환대출을 위해 필요하니 지정하는 계좌로 금액을 입금하세요”라고
안내하여 송금하라는 금액에 맞춰 송금했지만,
대출이 이루어지지 않았고 연락이 두절되었습니다.","hwp_attachment","(21.3월 발생) 인터넷 광고에 의한 대출빙자형 여성_.hwp","https://www.fss.or.kr/fss/cmmn/file/fileDown.do?menuNo=200359&atchFileId=ba4aa05c56d931eb6110155aeac3bd62&fileSn=1&bbsId=","https://www.fss.or.kr/fss/bbs/B0000059/view.do?nttId=35295&menuNo=200359&viewType=&sdate=&edate=&searchCnd=1&searchWrd=&pageIndex=2"
"(21.3월 발생) 메신저피싱 60대 여성_","
최초 접근방법
피해자 연령
피해자 성별
사기 유형
문자메시지
60대
여성
메신저피싱
2021년 3월 21일(일) 오후 2시경 저는 메신저피싱에 걸려들어 사기범에게 신분증과 계좌정보를 송부하였고, 사기범이 보내준 URL을 눌러서 악성액을 깔았습니다. 악성앱이 설치되자 핸드폰 통화 자체가 되지 않았습니다.
사기범은 탈취한 신분증 등으로 제 명의 ○○증권회사 비대면 계좌를 개설하고 오픈뱅킹에 가입한 후 오픈뱅킹에 등록된 제 □□은행 계좌에서 1천만원을 제 명의로 개설한 동 증권회사 계좌로 이체하여 편취하였습니다.
저는 즉시 보이스피싱임을 알게 되었으나, 핸드폰에 악성앱이 설치되어 통화를 할 수가 없어 □□은행에 지급정지도 신청할 수 없었고, 피해금이 모두 인출되는 것을 막을 수 없었습니다.","hwp_attachment","(21.3월 발생) 메신저피싱 60대 여성_.hwp","https://www.fss.or.kr/fss/cmmn/file/fileDown.do?menuNo=200359&atchFileId=6b173a30cd085c60b3b30470784aa250&fileSn=1&bbsId=","https://www.fss.or.kr/fss/bbs/B0000059/view.do?nttId=35294&menuNo=200359&viewType=&sdate=&edate=&searchCnd=1&searchWrd=&pageIndex=2"
"(21.2월 발생) 메신저피싱 60대 여성 3_","
최초 접근방법
피해자 연령
피해자 성별
사기 유형
문자메시지
60대
여성
메신저피싱
2021년 2월 ○○일 딸을 사칭한 문자메시지를 받고 팀뷰어 원격 어플로 □□은행의 예적금, 청약 통장에 있던 약 6천만원을 탈취 당했습니다. 오후 4시부터 10시까지 약 6시간 동안 사기꾼들이 □□은행 어플을 접속하여 모든 금액을 타행 계좌로 이체해 갔습니다.
사건 발생 과정은 다음과 같습니다.
2021년 2월 23일 오후 12시 경 딸이라며 문자를 보내왔습니다. 저는 의심없이 믿고 있었는데, 신분증, 계좌, 비밀번호를 요구하길래 보내주었고, 팀뷰어 어플을 설치하라고 하여 설치하였습니다. 그랬더니 ○○은행 고객센터 번호가 차단되도록 설정되었습니다.
그것도 모르고, 보안카드나 OTP 번호를 요구하길래 은행 지점을 방문하여 OTP를 발급받았고, OTP 생성번호를 보냈습니다.
그 후 딸을 사칭한 사기범이 4시 경부터 은행 어플에 접속하여 예•적금 및 청약통장을 해약하였으며, 10시까지 약 6시간 동안 은행 어플을 통해 100만원 미만의 금액을 반복적으로 타행 계좌로 이체하여 총 6천만원 가량을 탈취하였습니다.","hwp_attachment","(21.2월 발생) 메신저피싱 60대 여성 3_.hwp","https://www.fss.or.kr/fss/cmmn/file/fileDown.do?menuNo=200359&atchFileId=115acddd9be9db81cc10ad02e629dc46&fileSn=1&bbsId=","https://www.fss.or.kr/fss/bbs/B0000059/view.do?nttId=35293&menuNo=200359&viewType=&sdate=&edate=&searchCnd=1&searchWrd=&pageIndex=3"
"(21.2월 발생) 메신저피싱 60대 여성 2_","
최초 접근방법
피해자 연령
피해자 성별
사기 유형
문자메시지
60대
여성
메신저피싱
2021년 2월 ○○일 오후 3시경에 딸을 사칭하여
“휴대폰이 고장이 나서 전화를 쓰게 되었다”며
“전화번호를 카톡추가 하라”고 하여 하였더니
급하게 “엄마카드로 상품권을 사고 현금반환 계좌번호를 알려줘” 해서
“상품권을 카드로 살수 없다”고 하자
“이번에 더 저렴하게 살수 있어. 앱설치를 부탁해”해서 앱을 설치하고,
“비번 알려줘” 해서 알려주었더니
휴대폰이 3시간 정도 통제가 되지 않고 계속 진행되었습니다.
오후 5시경 집에 오니 진짜 딸이 보이스피싱 당한 것 같다고 연락해왔습니다.
확인해보니, 내 ○○계좌에서 450만원정도 ▢▢은행에서 20만원정도 인출되어 있었습니다.","hwp_attachment","(21.2월 발생) 메신저피싱 60대 여성 2_.hwp","https://www.fss.or.kr/fss/cmmn/file/fileDown.do?menuNo=200359&atchFileId=de360b8e545595c460e5a8353e2b8145&fileSn=1&bbsId=","https://www.fss.or.kr/fss/bbs/B0000059/view.do?nttId=35292&menuNo=200359&viewType=&sdate=&edate=&searchCnd=1&searchWrd=&pageIndex=3"
"(21.2월 발생) 메신저피싱 60대 여성_","
최초 접근방법
피해자 연령
피해자 성별
사기 유형
문자메시지
60대
여성
메신저피싱x
2021년 2월 00일 오후 낯선 문자가 하나 떴습니다.
“누구냐?”고 했더니,
“엄마 딸”이라면서 시집 간 딸이 문자 보내는 말투, 이모티콘이 너무 똑같아
“이게 뭐냐?” 하고 물었더니,
“아침에 출근하다가 전화기 액정이 깨져서 대리점에 맡겼더니 급한 연락할 때만 쓰라고 빌려줬어. 문자랑 카톡만 돼. ○○○○○로 카톡 친구추가 해줘” 라고 해서 카톡 친구추가 해주었더니, 카톡에 들어왔습니다.
“휴대폰으로 받아야 할 문자가 있는데, 전화기를 대리점에 맡겨서 못 받으니까 엄마 전화로 잠깐 문자 받고 일하려고 해.”
그리고는 애플리케이션 화면이 떴습니다.
“이거 누르고 잠깐만 기다리고 있어봐~ 내가 급한 볼일만 좀 받게” 그러기에
“그러마” 했더니,
“아, 엄마 폰이 명의가 본인이 아니야. 본인확인하게 신분증 앞뒤 사진이랑 카드 앞뒤사진이랑 찍어서 보내줘”라고 하는 것이었습니다.
그래서 사진을 찍어 보냈는데, 이상하게 그 때는 다른 카톡과 전화, 문자는 한 번도 오질 않았습니다.
다음 날 아침 제가 수술후 치료 받으러 병원 가는 길에 카톡이 왔습니다.
“엄마, 병원이야?”
그동안 제 딸과 대화한 카톡을 읽었는지 모든 상황을 알고 있는 듯 했습니다.
“전화는?”
“아, 지금 대리점 가고 있는 중. 참 신용카드 사진도 좀 보내줘~ 오전 중에 끝나”
“얼른 전화 찾아~” 하면서 신용카드 앞뒤면 사진을 찍어 보내주었습니다.
그런데, 직장에 출근했던 아들이 뛰어 들어와 전화를 보니까 어제 그 시간부터 저에게 왔던 전화들은 차단 표시가 되어 있고 그동안 했던 문자와 카톡내용 모두가 사라져 버렸습니다.
구글플레이에서 ○건의 소액결제를 하고 문자가 와 있어서 이메일을 열어보니까, ▢▢은행에 대출신청한 동의서가 들어있었습니다. ▢▢은행에 전화했더니 이미 내 이름으로 약 2천4백만원이 대출되어 여섯 명에게 나누어 송금했다고 하면서 원격조정으로 내 핸드폰이 해킹을 당한 거라고 했습니다.
태어나서 한 번도 거래가 없었던 ▢▢은행에서 통장이 개설되고 소액결제와 대출신청이 인정되어 대출이 되었다 하니 납득이 되지 않습니다.","hwp_attachment","(21.2월 발생) 메신저피싱 60대 여성_.hwp","https://www.fss.or.kr/fss/cmmn/file/fileDown.do?menuNo=200359&atchFileId=9617676861dea04e845807e4abca51aa&fileSn=1&bbsId=","https://www.fss.or.kr/fss/bbs/B0000059/view.do?nttId=35291&menuNo=200359&viewType=&sdate=&edate=&searchCnd=1&searchWrd=&pageIndex=3"
"(21.1월 발생) 신분증 탈취에 의한 대출사기 40대 여성_","
최초 접근방법
피해자 연령
피해자 성별
사기 유형
문자메시지
40대
여성
대출빙자형
2021년 1월 14일에 ○○저축은행으로 사칭한 곳으로부터 대출권유 문자를 받고 저의 운전면허증을 송부하였을 뿐 대출을 신청하지는 않았습니다.
사기범은 제 신분증으로 대포폰을 만들었고, 신분증과 대포폰을 이용하여 본인인증을 거쳐 제 명의로 증권회사 비대면계좌를 만들었습니다.
그리고나서 ○○저축은행에서 제 신분증과 대포폰, 그리고 제 명의로 개설된 증권회사 계좌 소액이체를 통해 본인인증을 거친 후 비대면 디지털 콜 대출 500만원을 동 증권회사 계좌로 받아서 탈취하여 갔습니다.","hwp_attachment","(21.1월 발생) 신분증 탈취에 의한 대출사기 40대 여성_.hwp","https://www.fss.or.kr/fss/cmmn/file/fileDown.do?menuNo=200359&atchFileId=c316875d548d4277089431a2db95a378&fileSn=1&bbsId=","https://www.fss.or.kr/fss/bbs/B0000059/view.do?nttId=35290&menuNo=200359&viewType=&sdate=&edate=&searchCnd=1&searchWrd=&pageIndex=3"
"(21.1월 발생) 메신저피싱 50대 여성_","
최초 접근방법
피해자 연령
피해자 성별
사기 유형
카톡 및 문자
50대
여성
메신저피싱
2021년 1월 ○○일(토) 아들이라며 휴대폰의 카톡과 문자메시지로 자기 폰에 문제가 생겼다고 하였습니다. 티몬이라는 사이트에 계정을 만들어야한다며 지정하는 사이트(원격으로 내 휴대폰을 공유하는 앱)을 설치하라고 하여 설치하였습니다.
그런 다음 통장번호와 통장 비밀번호, 신용카드 비밀번호(카드번호 제외)를 요구하여 알려주었습니다. 또 신분증을 찍어 보내라고 하여 운전면허증을 찍어서 보냈습니다.
그런 후 당일(토)과 익일(일)에 걸쳐 이 통장과 연계되어 있는 □□카드로 현금서비스 7,200,000원과 □□장기대출(카드론) 2건으로 29,900,000원이 대출되었고, 그 금액을 보이스피싱 범죄자들이 제 이름으로 개설한 △△투자금융의 계좌로 1차 이체하였고 또 다시 ◇◇투자증권 주식계좌를 개설하여 피해금액을 이체한 후 대포통장 등을 이용해 인출하여 갔습니다.","hwp_attachment","(21.1월 발생) 메신저피싱 50대 여성_.hwp","https://www.fss.or.kr/fss/cmmn/file/fileDown.do?menuNo=200359&atchFileId=604b9a85a89c129660ce5097bc6cbe92&fileSn=1&bbsId=","https://www.fss.or.kr/fss/bbs/B0000059/view.do?nttId=35289&menuNo=200359&viewType=&sdate=&edate=&searchCnd=1&searchWrd=&pageIndex=3"
"(20.12월 발생) 메신저피싱 50대 여성_","
사기 유형
최초 접근방법
피해자 연령
피해자 성별
메신저피싱
문자메시지
50대
여성
2020.12.○○일 발생
① 10:52 문자수신 “엄마, 폰 액정 깨져 문자만 됨”
② 10:57 딸(사칭), 주민증 사본, 비밀번호, 통장비밀번호 요청
③ 10:58 피해자, 주민증, 신용카드, 통장번호, 비밀번호 발송
④ 11:00 딸(사칭), 악성 앱 URL 발송 및 설치 요구
https://play.google.com/store/apps/details?id=com.teamreviewer.quicksupport.market
⑤ 11:24 피해자 폰에서 앱 생성 https://start.teamreviewer.com/719723616
⑥ 11:57 ○○계좌번호+비밀번호 요구 및 자료발송
⑦ 14:00 피해자 “핸드폰이 왜이리 뜨거울까?” 하고 딸한테 전화
“너 아직까지 전화기 폰 고치가 있냐?”
딸 “엄마, 무슨 소리야 그거 보이스피싱 아니야?”
피해자 “어~ 너 폰에 문제 없구나”
딸 “그래, 내 폰에 아무런 문제 없지”
그때 아차 싶어서, 신고(112에 신고)하고, □□카드에 전화하니 현금서비스 360만원 인출되었고, 카드론 2,500만원 진행중
⑧ 14:30 경찰서로 직접 달려감
⑨ 14:40 경찰서에서 보이스피싱 사건 접수 및 상담 중 ○○에 전화하여 확인해보니 “귀하의 ○○계좌에서 △△투자증권으로 1,300여만원이 이체되었다” 알려줌
⑩ 15:55 문자수신 “[◇◇] 귀하의 ◇◇계좌에서 △△투자증권 유** 계좌로 3,000,000원 이체완료”
⑪ 16:03 문자수신 “[◇◇] 귀하의 ◇◇계좌에서 ○○ 김** 계좌로 450,000원 이체완료”
⑫ 16:13 문자수신 “[◇◇] 귀하의 ◇◇계좌에서 ○○ 최** 계좌로 465,000원 이체완료”","hwp_attachment","(20.12월 발생) 메신저피싱 50대 여성_.hwp","https://www.fss.or.kr/fss/cmmn/file/fileDown.do?menuNo=200359&atchFileId=eb28647b9145d47c4d237c6a591378da&fileSn=1&bbsId=","https://www.fss.or.kr/fss/bbs/B0000059/view.do?nttId=35288&menuNo=200359&viewType=&sdate=&edate=&searchCnd=1&searchWrd=&pageIndex=3"
"(20.10월 발생) 문자메시지에 의한 대출빙자형 50대 여성_","
최초 접근방법
피해자 연령
피해자 성별
사기 유형
문자메시지
50대
여성
대출빙자형
2020년 10월 00일 ○○은행에서 대출이 된다는 문자를 받고 상담신청을 했습니다. 다음 날 전화가 걸려와 자신은 ○○은행 직원이라며 마이너스 대출이 가능하다고 하면서 ○○은행 대출신청서를 작성하라고 양식을 보내주었습니다.
그걸 깔았더니 핸드폰에서 악성앱이라고 뜨고 기존의 은행앱에서는 업무를 볼 수 없어서 그 직원에게 이를 말했더니 다른 앱을 깔라고 해서 깔았습니다.
다음 날 그 직원이라는 자가 전화하여 “주택담보대출 받은 걸 왜 말하지 않았어요?”라고 하면서 “그럼 고객님 통장에 돈을 넣어줄 테니 그걸로 한도조정 해서 마이너스 대출을 받을 수 있습니다”라고 하더라구요.
다음날 10시쯤 카드회사 직원이라고 하면서 다른 분이 나에게 전화하여
“본인인증을 해야 하니 인증번호 가면 불러 주세요”라고 해서 말해주었고,
“2시간 있다가 돈이 들어갈 텐데 은행에 가서 현금으로 찾아서 카드사 직원이 가면 주세요.” 라고 해서,
내가 “왜 현금으로 찾아서 줘야 해요?”라고 했더니,
“계좌로 보내면 기록이 남아서 한도 생성이 안 됩니다.”라고 했습니다.
그리고 나서 돈을 찾아 카드사 직원이라는 자에게 줬고 1시간 후엔 연락이 안 되어서 보이스피싱 당했다는 걸 알았죠.
순식간에 천만원을 사기 당했습니다.","hwp_attachment","(20.10월 발생) 문자메시지에 의한 대출빙자형 50대 여성_.hwp","https://www.fss.or.kr/fss/cmmn/file/fileDown.do?menuNo=200359&atchFileId=e464680739cec7bdd17ca62e22556a4c&fileSn=1&bbsId=","https://www.fss.or.kr/fss/bbs/B0000059/view.do?nttId=35286&menuNo=200359&viewType=&sdate=&edate=&searchCnd=1&searchWrd=&pageIndex=3"
"(20.10월 발생) 대면편취 남성_","
최초 접근방법
피해자 연령
피해자 성별
사기 유형
유선통화
남성
대면편취
2020년 10월 ○○일 □□은행 여의도 담당 이** 대리라고 전화가 왔었습니다. 이** 대리가 비싼 이자 금융권 대출 있으면 대환대출 해주겠다고 하였습니다. 전화번호가 1588-9999여서 일단 전화를 끊고 다시 확인하였더니 □□은행 전화가 맞아서 믿고 대환대출을 하기로 했습니다. 그리고 제가 대출한 금융회사들에 대환대출 협조공문을 보낸다고 하여 그렇게 해달라 하였습니다.
다음 날 오전, △△△캐피탈 김** 대리라는 사람한테 전화가 왔는데 저한테 금융법 위반을 했다고 하면서 무작정 제가 대출한 금액 전액을 갚으라고 했습니다. 금융감독원에서 알면 제가 벌금을 물려야할 사항이라고. 그래서 저는 □□은행에서 대출받아 갚으면 되는데 그런 법이 어디 있느냐 라고 따졌습니다. 그런데 대출 받은 지 6개월이 안되었는데 대출진행을 하면 그 자체가 불법이라고 했습니다. 그래서 전화 끊고 그곳에서 온 전화번호 1577-2280으로 전화해봤더니 △△△캐피탈이라는 ARS음성안내가 나와서 업체를 믿었습니다.
□□은행 이** 대리가 사정해서 △△△캐피탈에서 그런 전화가 왔다면 직원한테 사정해서 얼마라도 갚으라고 했습니다. 그래서 △△△캐피탈 직원한테 부탁했더니 60%를 상환하라고 했습니다. 저는 은행계좌를 불러달라 했는데 금융감독원에서 정지시켜놔서 현금으로 수납해야 한다고 했습니다.
그럼 제가 지점으로 가서 납부하겠다고 했는데 그것도 안 된다고 하면서 채권회수 직원을 저한테 보냈습니다. 그래서 현금 870만원을 주었습니다. 그런데 그 다음날 □□은행 이** 대리가 전화가 와서 □□은행 지점장이 대출 보류를 했다고 하면서 나머지를 완불하면 대출승인을 해주겠다고 했습니다.
△△△캐피탈로 다시 전화해서 완불하겠다고 했습니다. 오전 10시경, 또 다른 직원이 제 사무실에 와서 595만원을 수금해갔습니다. 그리고 저는 □□은행 이** 대리한테 전화를 했더니 오전 11시 전화드리고 대출실행을 해준다고 염려마시고 기다리라고 해서 기다렸습니다. 11시 30분이 되도 연락이 안와서 11시 40분경에 세번 정도 전화했더니 전화를 안받아서 사기당한 것을 느끼고 바로 경찰서로 가서 신고를 했습니다.
사실 좀 이상한 느낌이 들어서 금융감독원 1332로 전화했었는데 그 직원분이 주민번호 앞자리 물어보고 전화해준다던데 전화도 안오더군요. 경찰서에서 그러는데 제 휴대폰에 불법 어플이 깔려서 금감원에 전화해도 그놈들이 전화를 받는다는 것을 나중에야 알았습니다.","hwp_attachment","(20.10월 발생) 대면편취 남성_.hwp","https://www.fss.or.kr/fss/cmmn/file/fileDown.do?menuNo=200359&atchFileId=6e45bc0d5252ba85dc0b49d3ec338569&fileSn=1&bbsId=","https://www.fss.or.kr/fss/bbs/B0000059/view.do?nttId=35285&menuNo=200359&viewType=&sdate=&edate=&searchCnd=1&searchWrd=&pageIndex=3"
"가상화폐거래소를 통한 보이스피싱 피해사례_","
가상화폐 거래를 통한 보이스피싱 피해사례
□ 가상화폐 거래소 회원인 A는 “가상화폐를 대리구매할 사람을 모집한다”는 문자메세지를 받고 성명불상(사기범)의 B에게 연락
◦ A는 B로부터 구매금액의 5%를 받기로 하고 자신의 은행계좌에 입금된 7,300만원* 중 대가를 제외한 6,935만원을 가상화폐거래소를 통해 가상화폐로 구매하여 사기범의 지시대로 외부 전자지갑 주소로 출금
* 동 자금은 저금리 대출을 해주겠다는 보이스피싱 사기범 일당에게 속은 피해자들이 A의 은행 계좌로 송금한 피해금임
◦ A가 여러 차례 거액이 입금된 것을 보고 불법 연루 가능성을 의심하자 사기범 B는 “그 동안 거래를 못 하고 있던 투자자들이 한꺼번에 몰렸다”며 A를 안심시킨 것으로 보임
□ 그날 오후 A는 거래은행으로부터 “계좌가 보이스피싱 사기에 이용되어 지급정지되었다”는 문자를 받고 사기에 연루되었음을 인지하였으나 사기범은 연락이 두절
◦ A는 사기방조 혐의로 형사재판 중이며, 이와 별개로 피해자가 제기한 손해배상소송 결과에 따라 피해금액을 배상할 가능성
가상화폐를 통한 피해금 인출흐름
漠杳","hwp_attachment","가상화폐거래소를 통한 보이스피싱 피해사례_.hwp","https://www.fss.or.kr/fss/cmmn/file/fileDown.do?menuNo=200359&atchFileId=7ca9785b61ee786c309cc508879621c2&fileSn=1&bbsId=","https://www.fss.or.kr/fss/bbs/B0000059/view.do?nttId=35283&menuNo=200359&viewType=&sdate=&edate=&searchCnd=1&searchWrd=&pageIndex=4"
"휴대폰 앱을 이용한 신종 보이스피싱 피해사례_","
제 목 : 휴대폰 앱을 이용한 신종 보이스피싱 사례 발생
□ 최근 제주지역에서 금융감독원 직원(“김석제”)을 사칭하여, 휴대폰 원격조종이 가능한 특정 프로그램(앱)을 설치하도록 유도 후 대출금 및 기보유 예금 등 총 199백만원을 편취한 사례 발생
① 사기범은 “416불 해외 결제”라는 허위 문자메시지를 발송, 피해자가 발신번호로 전화하자 마치 카드회사인 것처럼 전화를 받고
- 카드부정사용 신고를 접수하였으니 경찰로 이첩할 것임을 안내한 후, ◎◎경찰서로 속이고 전화하여 금감원에서 연락이 갈 것이라고 재안내
② 금감원 직원 “김석제”라고 사칭하며 피해자 명의로 발급된 불상의 계좌가 자금세탁에 이용되고 있어 조치가 필요하다고 기망하여 휴대폰에 팀뷰어 프로그램(앱명 : Quick Support)을 설치하도록 유도
③ 앱 설치 이후 사기범은 피해자의 휴대폰을 원격조종하여 카드사 현금서비스 2건, 카드론 2건 등 4건의 대출을 실행받아 편취하고*
* 정상적으로 계좌이체 되는지 시험해보는 것이라고 속인 후 수취계좌번호 등을 사기범이 입력하고 피해자가 비밀번호만 입력하여 'LE VAN LOC', 'NGUYEN THI' 등 명의의 국내은행 계좌로 49백만원 이체
- 그 다음날 같은 수법으로 예금 ‘150백만원’을 ‘ㅇㅇㅇ’ 계좌로 이체받아 편취하는 등 199백만원을 편취
","hwp_attachment","휴대폰 앱을 이용한 신종 보이스피싱 피해사례_.hwp","https://www.fss.or.kr/fss/cmmn/file/fileDown.do?menuNo=200359&atchFileId=d94dc09cbd650155b5656c759015100d&fileSn=1&bbsId=","https://www.fss.or.kr/fss/bbs/B0000059/view.do?nttId=35282&menuNo=200359&viewType=&sdate=&edate=&searchCnd=1&searchWrd=&pageIndex=4"
"최근 주요 피해 사례_","
□2019년 3월 피해자 A(48세, 중소기업 운영)는 본인이 사용한 적이 없는데도 신용카드 해외결제 문자메시지를 받고 확인하기 위해 문자메시지에 기재된 전화번호로 전화
◦ 전화 상담원은 A에게 “명의가 도용된 것 같으니 대신 경찰에 신고해 주겠다”며 A를 안심시킨 후 경찰에서 연락이 갈 것이라고 안내
□잠시후 금융감독원 직원이라고 소개한 사람(사기범)이 “경찰에서 전화가 왔는데, 당신 명의로 발급된 계좌가 범죄자금세탁에 이용되었으므로 모든 계좌를 직접 확인해야 한다”고 하면서 A에게 휴대폰에 원격조종 애플리케이션을 설치할 것을 요구
◦사기범은 A의 휴대폰을 원격조종하면서 신용카드사의 현금서비스, 카드론 대출을 실행하고 “정상적으로 이체되는지 시험해보겠다”며 A에게 직접 비밀번호를 입력하게 하여 다른 계좌로 49백만원을 이체
□2019년 2월 피해자 B(56세, 자영업)는 1577-XXXX 전화번호로 “OO캐피탈 대출 팀장입니다. 1천만원 전환대출이 가능한 대상으로 선정되었는데 신용점수가 부족하니 대출을 발생시켜 갚는 방법으로 신용등급을 올리면 됩니다”라는 사기범의 전화를 받음
◦ B는 사기범의 요구대로 대출전용 앱*을 설치한 뒤 신용점수를 올리기 위해 △△카드사로부터 카드론대출 500만원을 받아 다시 갚기 위해 △△카드사 대표전화 1588-XXXX로 전화함
* 피해자가 휴대폰에서 거는 전화를 가로채는 악성 앱으로서, 피해자가 △△카드 대표전화 또는 경찰서, 금감원으로 전화하더라도 모두 사기범 일당에게 연결됨
◦ 카드사 상담원을 가장한 사기범 일당으로부터 “고객님의 카드론 상환을 위해 C의 □□은행 계좌 xxxx로 입금해 주세요”라는 안내를 받고 C의 계좌로 500만원을 송금
□이후 B는 대출이 되었다는 연락이 없어 이상하게 여기던 중 △△카드사의 대금청구서를 받고 카드론대출이 상환되지 않은 것에 대해 문의하는 과정에서 보이스피싱을 당한 사실을 알게 됨
","hwp_attachment","최근 주요 피해 사례_.hwp","https://www.fss.or.kr/fss/cmmn/file/fileDown.do?menuNo=200359&atchFileId=8b841e00091a2dd547b033dcbd7b310e&fileSn=1&bbsId=","https://www.fss.or.kr/fss/bbs/B0000059/view.do?nttId=35281&menuNo=200359&viewType=&sdate=&edate=&searchCnd=1&searchWrd=&pageIndex=4"
"보람저축은행을 사칭한 대출사기 사례","제도권 금융회사 유사명칭('보람저축은행')을 불법으로 사용하여 홈페이지(
http://www.boram-bank.com/
)를 만들고, 이를 이용하여 대출사기를 시도하는 사례가 발생하였습니다.","inline_html","","","https://www.fss.or.kr/fss/bbs/B0000059/view.do?nttId=35275&menuNo=200359&viewType=&sdate=&edate=&searchCnd=1&searchWrd=&pageIndex=4"
"금융당국의 최근 제도 개선 내용을 파밍에 이용하는 사례","‘16.3.12.부터 대포통장을 거래하거나 대출사기를 저지른 자 등은 금융질서문란행위자로 등록, 최장 12년간 금융거래시 불이익을 받게 되는 제도개선 내용을 범죄에 인용하는 사례가 발견되었습니다.","inline_html","","","https://www.fss.or.kr/fss/bbs/B0000059/view.do?nttId=35272&menuNo=200359&viewType=&sdate=&edate=&searchCnd=1&searchWrd=&pageIndex=5"
"휴대전화 사기와 결합한 새로운 보이스피싱 피해 사례","최근
휴대전화 사기와 결합한 새로운 보이스피싱 수법
이 등장했는데요.
이들은 범행 추적을 막기위해 휴대전화를 받을 때 일반 가정집으로 물품을 배달시키고 택배기사에게 소화전 등 특정장소에 물품을 놓아두도록 한 뒤, 퀵서비스 기사를 가장해 현장에서 물품을 찾아오는 등 치밀한 모습을 보였습니다.
은행 계좌에 100만원 이상의 돈이 입금되면 30분 동안 이를 찾을 수 없도록 하는
지연인출제 도입으로 보이스피싱 범행이 어려워지자
사기범들이 위와 같이 새로운 수법으로 범행을 저지르고 있습니다.
.","inline_html","","","https://www.fss.or.kr/fss/bbs/B0000059/view.do?nttId=35271&menuNo=200359&viewType=&sdate=&edate=&searchCnd=1&searchWrd=&pageIndex=5"
"개인 휴대폰 및 집전화 뿐만 아니라, ""사무실 전화""로도 보이스피싱 전화가 걸려오니 주의하...","
※ 직장 사무실 전화로 걸려온 보이스피싱 전화의 수신내용 개요
1. 수신시각 : 2015.6.17. 10:08
2. 발신번호 : 001004008004
3. 내용 :
(1) 우체국에서 발송한 등기를 장기간 받지 않아 반송 조치하겠다는 ARS 전화가 왔고, 상담원 연결을 원하면 9번을 누르도록 유도
(2) 9번을 누르자, 한 남성에게 전화가 연결됐고 본인의 이름을 물어봄
(3) 이름을 말해주자, 본인 앞으로 마이너스통장이 발급되었고, 동 내용을 확인해 주겠다며 추가적인 금융거래 정보를 말하도록 유도","inline_html","","","https://www.fss.or.kr/fss/bbs/B0000059/view.do?nttId=35259&menuNo=200359&viewType=&sdate=&edate=&searchCnd=1&searchWrd=&pageIndex=6"
"익스플로러 팝업창을 통한 피싱사이트 유도 피해_","□ 인터넷 뱅킹 팝업창을 통한 피싱사이트 유도 사례
<사기수법>
□ 피해자의 PC를 악성코드에 감염시켜 인터넷 실행 중 네이버, 다음(Daum) 등 사이트에 접속 시 피싱사이트로 유도하는 팝업창을 게시하고, 피해자가 팝업창의 내용에 대한 의심 없이 팝업창 클릭 시 피싱사이트로 유도하게 한 뒤 개인(금융거래)정보를 편취하는 수법
<피해사례>
(사례 1)
□ 서울 송파구에 거주하는 송모씨(남, 40대초반)는 ’13.6.22일 14시경 회사 컴퓨터를 통해 인터넷을 실행 후 네이버(http://naver.com)에 접속하자 금융감독원을 사칭한 보안인증 팝업창이 뜨는 것을 확인하였고,
◦ 해당 팝업창을 클릭하자 개인금융거래정보를 입력하라는 내용을 보고 사기임을 의심하지 않고 관련 정보 일체를 입력하였는데,
◦ 같은 날 18시부터 19시까지 약 한시간 동안 총 32회에 걸쳐 6,400만원 상당의 금전 피해를 입음
(사례 2)
□ 충남 논산시에 거주하는 전모씨(남, 40대초반)는 ’13.7.4일 16시경 자택 컴퓨터를 통해 인터넷을 실행 후 네이버(http://naver.com)에 접속하자 금융감독원을 사칭한 보안인증 팝업창이 뜨는 것을 확인하였고,
◦ 해당 팝업창을 클릭하자 개인금융거래정보를 입력하라는 내용을 보고 사기임을 의심하지 않고 관련 정보 일체를 입력하였으며, 익일 오전 10시경에도 동일한 팝업창을 통해 접속하여 본인 소유의 타 계좌의 정보 일체도 입력하였는데,
◦ 7.4일 22시~7.7일 01시까지 약 이틀 동안 총 15회에 걸쳐 3,000만원 상당의 금전 피해를 입음","hwp_attachment","익스플로러 팝업창을 통한 피싱사이트 유도 피해_.hwp","https://www.fss.or.kr/fss/cmmn/file/fileDown.do?menuNo=200359&atchFileId=749d470e8a786ae6d7e2c70bb2bdacee&fileSn=1&bbsId=","https://www.fss.or.kr/fss/bbs/B0000059/view.do?nttId=35245&menuNo=200359&viewType=&sdate=&edate=&searchCnd=1&searchWrd=&pageIndex=7"
"쇼핑몰 무통장입금 결제창을 통한 피해_","□ 쇼핑몰 결제창을 이용한 파밍 수법의 보이스피싱
<사기수법>
□ 쇼핑몰에서 물건을 구매하고 대금결제(실시간 계좌이체)를 위해 “뱅킹”버튼을 선택할 경우, 이미 악성코드에 감염된 이용자의 PC를 피싱사이트로 접속하게 한 뒤 개인(금융거래)정보를 편취하는 수법
<피해사례>
□ 제주시 거주 강모씨(20대, 여)는 ‘13.3.27일 오후 4시경 인터넷쇼핑몰인 “△△감성”사이트에서 옷을 구매하면서 결제수단 중 실시간 계좌이체를 선택하고
◦ 인터넷뱅킹으로 계좌이체를 하기위해 결제창內 “뱅킹”버튼을 선택하였는데 악성코드에 감염된 PC로 인하여 N은행 피싱사이트로 유도되어
◦ 보안카드 코드번호 전체와 계좌비밀번호, 인터넷뱅킹아이디 등의 금융거래정보를 입력하였음
◦ 이후 피해자의 금융거래정보를 알아낸 사기범이 공인인증서를 재발급 받아 3.28일 새벽 1시경 피해자 명의의 인터넷뱅킹을 통해 258만원을 사기범계좌로 이체하여 편취","hwp_attachment","쇼핑몰 무통장입금 결제창을 통한 피해_.hwp","https://www.fss.or.kr/fss/cmmn/file/fileDown.do?menuNo=200359&atchFileId=ea3e03c430a35d2d91e795a12e91da33&fileSn=1&bbsId=","https://www.fss.or.kr/fss/bbs/B0000059/view.do?nttId=35244&menuNo=200359&viewType=&sdate=&edate=&searchCnd=1&searchWrd=&pageIndex=7"
"해킹사고 빙자 피해_","□ 해킹사고를 빙자한 보이스피싱
<사기수법>
□ ’13. 3. 20.에 발생한 해킹사고를 빙자하여 경찰청 사이버수사대를 사칭하여 보안강화를 명목으로 개인정보 및 금융거래정보를 편취하는 수법
<피해사례>
□ 대전시 거주 박모씨(60대)는 ‘13.3.21일 오후 5시경 경찰청 사이버수사대를 사칭한 사기범으로부터 최근 주요은행 및 방송사의 해킹사고로 보안강화가 필요하다며 인터넷뱅킹 거래는 위험하니 텔레뱅킹 거래를 하여야 한다는 전화를 받고
◦ 피해자는 N은행에 텔레뱅킹 거래를 신청하고 사기범에게 텔레뱅킹 이용을 위한 계좌번호, 비밀번호, 보안카드코드번호 등을 알려 주었으며
◦ 사기범은 피해자 명의 텔레빙킹 거래를 통해 피해자 통장에서 190만원을 사기범계좌로 이체하여 편취","hwp_attachment","해킹사고 빙자 피해_.hwp","https://www.fss.or.kr/fss/cmmn/file/fileDown.do?menuNo=200359&atchFileId=eb0606c14a90ae49c8dbe4b326e317c1&fileSn=1&bbsId=","https://www.fss.or.kr/fss/bbs/B0000059/view.do?nttId=35243&menuNo=200359&viewType=&sdate=&edate=&searchCnd=1&searchWrd=&pageIndex=8"
"파밍에 의한 보이스피싱 피해_","□ 파밍(Pharming)을 이용한 보이스피싱
<사기수법>
□ 이용자의 PC를 악성코드에 감염시켜 hosts 파일을 변조하는 등의 방법으로 피싱사이트를 진짜 사이트로 오인하여 접속하게 한 뒤 개인(금융거래)정보를 편취하는 수법
<피해사례>
(사례 1)
□ 경기도 성남거주 김모씨(여, 40대후반)는 ’12.11.12일 본인이 사용하는 컴퓨터의 인터넷 즐겨찾기에 등록되어 있는 N은행의 사이트에 접속하였으나 동 은행을 가장한 피싱사이트로 접속이 되었고,
◦ 인터넷뱅킹에 필요한 정보를 입력하는 팝업창이 나타나 해당 정보(계좌번호, 계좌비밀번호, 보안카드번호 등)를 입력하였는데,
◦ 사기범은 ’12.11.12일부터 16일까지 5일간 동 정보를 이용하여 피해자 명의의 인터넷뱅킹을 통해 피해자의 N은행 계좌에서 총 5회에 걸쳐 1,039만원을 사기범계좌로 이체하여 편취
(사례 1)
□ 인천시 거주 유모씨(여, 30대후반)는 ’12.11. 1일 자녀학원비 이체를 위해 본인이 사용하는 컴퓨터의 인터넷 검색포털사이트에서 “K*”라는 단어로 검색 후 K은행의 사이트에 접속하였으나 동 은행을 가장한 피싱사이트로 접속이 되었고,
◦ 인터넷뱅킹에 필요한 정보를 입력하는 팝업창이 나타나 해당 정보(계좌번호, 계좌비밀번호, 보안카드번호 등)를 입력하였는데,
◦ 사기범은 ’12.11.5일 동 정보를 이용하여 피해자 명의의 인터넷뱅킹을 통해 피해자의 K은행 계좌에서 총 5회에 걸쳐 1,763만원을 사기범계좌로 이체하여 편취","hwp_attachment","파밍에 의한 보이스피싱 피해_.hwp","https://www.fss.or.kr/fss/cmmn/file/fileDown.do?menuNo=200359&atchFileId=5447b4ba331b18a5404a0677b9a95635&fileSn=1&bbsId=","https://www.fss.or.kr/fss/bbs/B0000059/view.do?nttId=35242&menuNo=200359&viewType=&sdate=&edate=&searchCnd=1&searchWrd=&pageIndex=8"
"자녀납치 및 사고 빙자 편취_","□ 자녀납치 및 사고 빙자 편취
<사기수법>
□ 자녀와 부모의 전화번호 등을 사전에 알고 있는 사기범이 자녀의 전화번호로 발신자번호를 변조,
◦ 부모에게 마치 자녀가 사고 또는 납치 상태인 것처럼 가장하여 부모로부터 자금을 편취하는 수법으로, 학교에 간 자녀 납치 빙자, 군대에 간 아들 사고 빙자, 유학중인 자녀 납치 또는 사고 빙자 등의 유형이 있음
<피해사례>
(사례 1)
□ Y씨(40대, 여)는 오후 1시경 자녀의 이름과 학교를 대면서 “지금 당신 아이를 납치하였다. 허튼 수작하면 죽여버린다. 1,000만원을 불러주는 계좌로 송금해라”는 전화를 받고 보유하고 있던 300만원을 사기범 계좌로 이체하여 피해를 봄
(사례 2)
□ K씨(50대, 여)는 오전에 사기범으로부터 “학교 행정실인데 아이가 머리를 다쳐서 치료를 해야 하니 1,000만원을 입금하라”는 전화를 받고 800만원을 입금하여 피해를 봄. 사기범은 자녀 이름, 휴대전화 번호, 학교이름을 정확히 알고 있었음","hwp_attachment","자녀납치 및 사고 빙자 편취_.hwp","https://www.fss.or.kr/fss/cmmn/file/fileDown.do?menuNo=200359&atchFileId=92cdcc3c2019294a7eadbe1844c6ad1a&fileSn=1&bbsId=","https://www.fss.or.kr/fss/bbs/B0000059/view.do?nttId=35241&menuNo=200359&viewType=&sdate=&edate=&searchCnd=1&searchWrd=&pageIndex=8"
"피해자를 기망하여 피해자에게 자금을 이체토록하여 편취_","□ 피해자를 기망하여 피해자에게 자금을 이체토록하여 편취
(피해자는 이체사실을 알고 있음)
<사기수법>
□ 검찰, 경찰, 금융감독원 등 공공기관 및 금융기관을 사칭하는 자가 누군가 피해자를 사칭하여 예금인출을 시도한다고 기망한 후 거래내역 추적을 위해 필요하다면서 사기범이 불러주는 계좌로 이체토록한 후 편취
□ 사기범들이 학생의 대학지원 명세를 빼내 실제 대학교의 전화번호로 변조하여 학부모 및 학생에게 전화해서 사기범계좌로 등록금 납부를 요구하여 편취
<피해사례>
(사례 1)
□ H씨(30대, 남)는 ○○은행 직원이라는 자로부터 “누군가 당신의 신분증을 가지고 돈을 찾아가려고 한다. 경찰에 신고해주겠다”는 전화를 받았는데,
◦ 잠시후 경찰을 사칭하는 자가 다시 전화를 걸어 “내가 시키는 대로 해라. 당신 통장 계좌에 있는 거래내역을 추적해야 하니 내가 불러주는 계좌로 돈을 이체시켜라”는 말에 속아 5개 계좌에 3,000만원을 이체하여 피해를 봄
(사례 2)
□ 대학 지원자인 G씨(20대, 여)는 오후 1시경 대학교 교직원을 사칭하는 자로부터 “지원한 대학에 추가합격하였으니 금일 오후 4시까지 등록금 530만원을 입금하여야만 등록처리된다”는 전화를 받고 부모에게 연락하여 사기범이 불러주는 계좌로 동액을 입금하여 피해를 봄","hwp_attachment","피해자를 기망하여 피해자에게 자금을 이체토록하여 편취_.hwp","https://www.fss.or.kr/fss/cmmn/file/fileDown.do?menuNo=200359&atchFileId=39109794c2b50830b315e49cdcadb0ce&fileSn=1&bbsId=","https://www.fss.or.kr/fss/bbs/B0000059/view.do?nttId=35240&menuNo=200359&viewType=&sdate=&edate=&searchCnd=1&searchWrd=&pageIndex=8"
"피해자를 기망하여 자동화기기로 유인 편취_","□ 피해자를 기망하여 자동화기기로 유인 편취
(피해자는 이체사실을 모름)
<사기수법>
□ 수사기관 직원을 사칭하는 자가 피해자에게 전화를 하여 피해자의 계좌가 사건(범죄)에 연루되어 피해자명의 계좌의 안전조치가 필요하다고 기망하여 현금지급기로 유인, 기기를 조작하게 하여 자금을 편취
□ 국세청, 건강보험공단, 국민연금관리공단 직원 등을 사칭하는 자가 피해자에게 전화하여 세금, 보험료, 연금 등이 과다 또는 오류 징수되어 환급하여 주겠다며 자동화기기로 유인, 기기를 조작하게 하여 자금을 편취
<피해사례>
(사례 1)
□ A씨(60대, 남)는 검찰수사관을 사칭하는 자로부터 “사기범을 검거했는데 A씨 명의의 계좌를 사용하고 있어 금감원 직원이 계좌안전조치를 해줄 것이니 현금지급기로 가서 기다리라”는 전화를 받고 현금지급기로 가서 기다리던 중 금감원 직원을 사칭하는 자가 전화로 현금지급기를 조작토록 유도하여 1,300만원의 피해를 봄
(사례 2)
□ H씨(40대, 여)는 우체국직원을 사칭하는 자로부터 ARS로 “안녕하십니까, 우체국직원 000입니다. 고객님에게 발송된 택배가 반송되었습니다. 상담을 원하시면 9번을 누르세요”라는 전화를 받고 상담을 받았는데,
◦ 우체국직원을 사칭하는 자가 “개인정보가 노출되었으니 신고해 주겠다”고 한 후 전화를 끊고, 잠시후 경찰을 사칭하는 자가 전화를 걸어 “피해접수를 해주겠다. 금융거래 안전을 위해 계좌안전조치가 필요하니 현금지급기로 가라”고 하면서 기기를 조작케 유도하여 730만원의 피해를 봄
(사례 3)
□ D씨(40대, 남)는 건강보험공단 직원을 사칭하는 자로부터 “의료보험료가 많이 걷혔으니 과납된 보험료 50만원을 주겠다. 불러주는 환급등록번호를 가지고 CD기 앞으로 가라”는 전화를 받고 CD기로 가서 기다리던 중, 건강보험공단 직원을 사칭하는 자가 전화로 자동화기기를 조작토록 유도하여 600만원의 피해를 봄","hwp_attachment","피해자를 기망하여 자동화기기로 유인 편취_.hwp","https://www.fss.or.kr/fss/cmmn/file/fileDown.do?menuNo=200359&atchFileId=1094347d58ce96231d2d04538deb0350&fileSn=1&bbsId=","https://www.fss.or.kr/fss/bbs/B0000059/view.do?nttId=35239&menuNo=200359&viewType=&sdate=&edate=&searchCnd=1&searchWrd=&pageIndex=8"
"물품대금 오류송금 빙자로 피해자를 기망하여 편취_","□ 물품대금 오류송금 빙자로 피해자를 기망하여 편취
<사기수법>
□ 사기범이 문자메시지 또는 전화로 물품대금, 숙박비 등을 송금하였다고 연락한 후, 잠시후 실수로 잘못 송금하였다면서 반환 또는 차액을 요구하여 편취
<피해사례>
□ 사기범 P씨는 피해자 L씨로부터 고구마 10박스를 45만원에 구입하기로 하고, 마치 450만원으로 입금한 것처럼 피해자에게 문자메시지(발송자 명의를 농협으로 조작)를 전송하였음
◦ 이후 피해자 L씨(50대, 남)는 OO농협 365코너에서 P씨와 핸드폰으로 통화하는 과정에서 P씨로부터 “고구마 대금 10박스 45만원을 입금하면서 텔레뱅킹을 하다보니 실수로 0을 더 눌러 450만원을 입금하였다”는 말을 듣고 그 차액인 405만원을 사기범에게 이체하여 피해를 봄","hwp_attachment","물품대금 오류송금 빙자로 피해자를 기망하여 편취_.hwp","https://www.fss.or.kr/fss/cmmn/file/fileDown.do?menuNo=200359&atchFileId=29a678c0430463c73e1073c6c02a0109&fileSn=1&bbsId=","https://www.fss.or.kr/fss/bbs/B0000059/view.do?nttId=35237&menuNo=200359&viewType=&sdate=&edate=&searchCnd=1&searchWrd=&pageIndex=8"
"허위 문자메시지로 기망하고 피싱사이트로 유도하여 예금 등 편취_","□ 금융회사, 금감원 명의의 허위 긴급공지 문자메시지로 기망, 피싱사이트로 유도하여 예금 등 편취
<사기수법>
□ 금융회사 또는 금융감독원에서 보내는 공지사항(보안승급, 정보유출 피해확인 등)인 것처럼 문자메시지를 발송하여 피싱사이트로 유도한 후 금융거래정보를 입력하게 하고 동 정보로 피해자 명의의 대출 등을 받아 편취
<피해사례>
□ D씨(40대, 여)는 국민은행 명의의 보안승급 안내 문자메시지를 받고 아무런 의심 없이 문자메시지에 안내된 사이트에 접속하여 카드번호, 계좌번호 및 공인인증서 정보를 입력하였는데,
◦ 이후 예금인출 500만원 및 대출 1,000만원 등이 실행된 것을 확인하고 은행에 문의한 결과 보안승급 자체가 없다는 말을 듣고 지급정지를 요청하였으나 이미 전액 출금된 상태였음","hwp_attachment","허위 문자메시지로 기망하고 피싱사이트로 유도하여 예금 등 편취_.hwp","https://www.fss.or.kr/fss/cmmn/file/fileDown.do?menuNo=200359&atchFileId=9a5280c01dd49b457901ca3c53212d6c&fileSn=1&bbsId=","https://www.fss.or.kr/fss/bbs/B0000059/view.do?nttId=35236&menuNo=200359&viewType=&sdate=&edate=&searchCnd=1&searchWrd=&pageIndex=8"
"상황극 연출에 의한 피해자 기망 편취_","□ 상황극 연출에 의한 피해자 기망 편취
<사기수법>
□ 은행직원, 경찰·검찰 수사관을 사칭한 사기범들이 은행객장과 경찰서, 검찰청 등의 사무실에서 실지로 일어나는 상황 연출로 피해자를 기망하여 금전 편취
<피해사례>
□ J씨(50대, 남)는 은행의 객장을 연상케하는 소리(도장찍는 소리, 고객을 부르는 소리 등)가 들려오는 상황에서 은행직원을 사칭하는 자로부터 “누군가 당신의 신분증을 가지고 돈을 찾아가려고 한다. 경찰에 신고해 주겠다”는 전화를 받았는데,
◦ 이후 경찰서 사무실을 연상케하는 소리(타이핑 소리, 동료 형사를 부르는 소리 등)가 들려오는 상황에서 수사관을 사칭하는 자로부터 “내가 시키는 대로 해라, 당신 통장 계좌에 있는 거래내역을 추적해야 하니 내가 불러주는 계좌로 돈을 이체시켜라”는 전화를 받고 사기범이 불러주는 계좌로 1,250만원을 이체하여 피해를 봄","hwp_attachment","상황극 연출에 의한 피해자 기망 편취_.hwp","https://www.fss.or.kr/fss/cmmn/file/fileDown.do?menuNo=200359&atchFileId=1c759ad8e9a3958246a811c42b69155c&fileSn=1&bbsId=","https://www.fss.or.kr/fss/bbs/B0000059/view.do?nttId=35235&menuNo=200359&viewType=&sdate=&edate=&searchCnd=1&searchWrd=&pageIndex=8"
"인터넷 뱅킹을 이용해 카드론 대금 및 예금 등 편취_","□ 인터넷 뱅킹을 이용해 카드론 대금 및 예금 등 편취
(피싱사이트를 통해 금융거래정보 획득)
<사기수법>
□ 명의도용, 정보유출, 범죄사건 연루 등 명목으로 피해자를 현혹하여 피싱사이트를 통해 신용카드정보(카드번호, 비밀번호, CVC번호) 및 인터넷뱅킹정보(인터넷뱅킹 ID, 비밀번호, 계좌번호, 공인인증서번호, 보안카드번호 등)를 알아낸 후,
◦ 사기범이 ARS 또는 인터넷으로 피해자명의로 카드론을 받고 사기범이 공인인증서 재발급을 통해 인터넷뱅킹으로 카드론 대금 등을 사기범계좌로 이체하여 편취
<피해사례>
□ L씨(20대, 여)는 오후 1시경 경찰청 수사관을 사칭하는 자로부터 “최근 사기범을 검거하였는데 당신 명의의 통장이 범죄에 이용되고 있다”는 전화를 받고 그러한 사실이 없다고 하자,
◦ 사기범이 “개인정보가 유출되어 명의가 도용된 것 같다. 신속히 경찰청 홈페이지에 접속하여 개인정보 침해신고를 해야 한다”고 강요하여
◦ 피해자는 사기범이 알려준 경찰청 홈페이지를 가장한 피싱사이트에 접속하여 거래은행명, 계좌번호 및 계좌비밀번호, 이체비밀번호, 보안카드번호, 신용카드(3장) 번호 및 비밀번호, CVC번호 등을 입력하였음
◦ 그러자 사기범은 피해자가 입력한 금융거래정보 등을 이용하여 공인인증서를 재발급 받고, 피해자 명의로 카드론 2,000만원을 받은 후 인터넷뱅킹을 이용해 카드론 대금 2,000만원과 피해자 명의의 마이너스통장에서 1,300만원 등 합계 3,300만원을 사기범계좌로 이체하여 편취","hwp_attachment","인터넷 뱅킹을 이용해 카드론 대금 및 예금 등 편취_.hwp","https://www.fss.or.kr/fss/cmmn/file/fileDown.do?menuNo=200359&atchFileId=478dc1d3a484986eebd853cee928ce61&fileSn=1&bbsId=","https://www.fss.or.kr/fss/bbs/B0000059/view.do?nttId=35234&menuNo=200359&viewType=&sdate=&edate=&searchCnd=1&searchWrd=&pageIndex=8"
"ARS를 이용한 카드론 대금 편취_","□ ARS를 이용한 카드론 대금 편취
(전화를 통해 금융거래정보 획득)
<사기수법>
□ 명의도용, 정보유출, 범죄사건 연루 등 명목으로 피해자를 현혹하여 신용카드정보(카드번호, 비밀번호, CVC번호)를 알아낸 후,
◦ 사기범이 ARS를 통해 피해자 명의로 카드론을 받음과 동시에 피해자에게 다시 전화를 걸어 허위로 범죄자금 입금사실을 알리고 피해자에게 사기범계좌로 이체토록 유도하여 편취
<피해사례>
□ P씨(60대, 남)는 경찰청 수사관을 사칭하는 자로부터 “당신의 예금계좌가 범죄에 연루되었으니 신용카드번호와 비밀번호 등을 알려달라”는 전화를 받고 신용카드정보를 알려주었는데,
◦ 이후 사기범이 동 정보를 이용하여 피해자 명의의 신용카드(4장)로 피해자 명의의 카드론 4,800만원을 받은 후 다시 피해자에게 전화를 해서,
◦ 당신의 통장에 범죄자금 4,800만원이 입금되었으니 국가안전계좌로 이체하라고 요구, 피해자는 사기범이 불러주는 계좌로 4,800만원을 이체하여 피해를 봄","hwp_attachment","ARS를 이용한 카드론 대금 편취_.hwp","https://www.fss.or.kr/fss/cmmn/file/fileDown.do?menuNo=200359&atchFileId=999bc1ec9c6c3886c4e36dd10dd3c138&fileSn=1&bbsId=","https://www.fss.or.kr/fss/bbs/B0000059/view.do?nttId=35233&menuNo=200359&viewType=&sdate=&edate=&searchCnd=1&searchWrd=&pageIndex=9"
